Cód. Cir.;Cód. Con.;Concello;;Censo;Certif. Alta;Censo Total;Votos Totais;Votos nulos;Votos brancos;Abstención;Votos Válidos;Votos Candidaturas;UPYD;PUM+J;BNG;ADCG;UNIDOS SI-UDP-DEf;PCTG;VOX;Cs;PSdeG-PSOE;PACMA;PODEMOS-ESQUERDA UNIDA-ANOVA;PP;EQUO;EN MAREA-COMPROMISO POR GALICIA-PARTIDO GALEGUISTA;EB;RECORTES CERO-ESCO-OV-M
36;9;A Cañiza;;4.384;0;4.384;2.498;42;19;1.886;2.456;2.437;0;3;335;2;1;2;52;28;589;11;68;1.340;0;4;0;2
36;17;A Estrada;;17.291;1;17.292;10.609;95;73;6.683;10.514;10.441;1;8;2.596;7;7;5;136;72;1.774;37;249;5.512;5;21;4;7
36;23;A Guarda;;8.218;1;8.219;5.230;40;31;2.989;5.190;5.159;14;7;1.580;0;13;7;75;71;892;20;194;2.256;1;18;7;4
36;901;A Illa de Arousa;;4.174;0;4.174;2.865;41;17;1.309;2.824;2.807;0;1;796;3;1;3;39;29;907;9;107;901;4;3;1;3
36;25;A Lama;;2.098;2;2.100;1.165;4;5;935;1.161;1.156;0;1;158;0;2;0;32;35;127;5;31;759;1;3;2;0
36;20;Agolada;;2.137;0;2.137;1.399;6;3;738;1.393;1.390;0;0;235;0;0;2;16;4;186;4;26;914;1;2;0;0
36;1;Arbo;;2.387;0;2.387;1.613;11;12;774;1.602;1.590;0;0;271;1;0;0;19;11;329;7;29;920;0;1;1;1
36;34;As Neves;;3.260;1;3.261;1.887;19;14;1.374;1.868;1.854;1;0;462;0;4;2;30;23;366;8;57;898;2;0;1;0
36;3;Baiona;;10.035;0;10.035;6.051;55;48;3.984;5.996;5.948;2;5;1.205;3;5;1;109;62;1.230;23;274;3.007;4;6;9;3
36;2;Barro;;3.026;0;3.026;1.871;24;9;1.155;1.847;1.838;0;0;483;4;0;3;30;7;252;3;24;1.028;1;1;1;1
36;4;Bueu;;10.088;0;10.088;5.889;63;51;4.199;5.826;5.775;1;3;1.894;3;5;3;90;61;868;29;265;2.509;3;28;8;5
36;5;Caldas de Reis;;8.110;0;8.110;4.710;51;39;3.400;4.659;4.620;0;1;1.061;17;1;4;70;14;952;8;120;2.361;0;7;3;1
36;6;Cambados;;11.481;0;11.481;7.510;103;41;3.971;7.407;7.366;1;5;1.752;11;2;1;142;41;1.172;24;256;3.911;3;34;7;4
36;7;Campo Lameiro;;1.581;0;1.581;1.022;7;7;559;1.015;1.008;1;0;141;1;0;1;15;6;194;1;8;639;1;0;0;0
36;8;Cangas;;21.904;1;21.905;12.831;123;107;9.074;12.708;12.601;4;11;4.347;16;14;11;209;122;2.265;82;1.065;4.361;15;43;11;25
36;10;Catoira;;2.808;1;2.809;1.782;13;19;1.027;1.769;1.750;0;0;636;1;2;1;24;18;325;9;44;684;1;4;1;0
36;902;Cerdedo-Cotobade;;4.993;0;4.993;3.273;25;18;1.720;3.248;3.230;1;2;570;1;2;2;46;19;676;8;96;1.801;1;3;0;2
36;13;Covelo;;2.198;0;2.198;1.199;13;8;999;1.186;1.178;0;1;206;2;7;0;33;13;221;4;30;656;0;3;0;2
36;14;Crecente;;1.834;0;1.834;1.261;19;7;573;1.242;1.235;3;2;144;0;1;0;12;7;218;5;20;815;1;1;4;2
36;15;Cuntis;;4.080;0;4.080;2.431;23;26;1.649;2.408;2.382;0;0;555;0;0;1;33;18;577;10;68;1.114;1;2;1;2
36;16;Dozón;;1.051;0;1.051;629;4;0;422;625;625;0;0;98;1;0;0;7;1;45;1;3;465;1;0;3;0
36;18;Forcarei;;2.991;0;2.991;1.923;11;10;1.068;1.912;1.902;2;1;290;0;0;0;21;17;495;5;22;1.045;1;0;3;0
36;19;Fornelos de Montes;;1.430;0;1.430;803;10;3;627;793;790;0;1;115;0;0;0;13;5;348;5;24;278;1;0;0;0
36;21;Gondomar;;12.208;4;12.212;6.956;63;74;5.256;6.893;6.819;4;5;1.375;6;12;4;139;74;1.569;48;434;3.114;5;23;5;2
36;24;Lalín;;16.312;0;16.312;10.794;132;82;5.518;10.662;10.580;2;1;2.114;3;3;3;219;107;1.262;23;183;6.643;3;7;5;2
36;26;Marín;;19.906;13;19.919;11.014;116;111;8.905;10.898;10.787;4;5;2.187;12;9;15;290;96;2.001;76;482;5.552;10;25;15;8
36;27;Meaño;;4.406;0;4.406;2.682;29;14;1.724;2.653;2.639;1;0;465;3;1;1;51;21;436;8;48;1.595;1;2;1;5
36;28;Meis;;4.041;0;4.041;2.597;25;25;1.444;2.572;2.547;0;1;530;3;1;1;52;15;585;5;32;1.314;2;4;0;2
36;29;Moaña;;16.175;9;16.184;10.029;99;85;6.155;9.930;9.845;1;4;3.552;8;16;6;139;107;1.674;59;535;3.698;5;21;11;9
36;30;Mondariz;;3.882;0;3.882;2.326;25;19;1.556;2.301;2.282;0;1;594;4;2;1;41;31;490;10;105;995;3;3;1;1
36;31;Mondariz-Balneario;;561;0;561;409;5;4;152;404;400;1;0;121;0;0;1;14;3;49;0;4;206;0;0;0;1
36;32;Moraña;;3.516;0;3.516;2.292;14;18;1.224;2.278;2.260;0;0;506;2;1;1;28;17;357;8;28;1.309;0;1;1;1
36;33;Mos;;12.258;4;12.262;7.908;91;59;4.354;7.817;7.758;2;4;1.888;2;3;5;114;77;1.915;30;403;3.289;6;7;7;6
36;35;Nigrán;;14.640;2;14.642;8.696;101;66;5.946;8.595;8.529;30;5;1.623;13;7;5;195;71;2.046;34;409;4.059;8;9;12;3
36;22;O Grove;;9.039;2;9.041;5.154;68;27;3.887;5.086;5.059;2;3;1.671;3;6;4;85;44;1.101;25;389;1.669;5;40;7;5
36;39;O Porriño;;15.730;1;15.731;8.993;100;59;6.738;8.893;8.834;2;7;2.367;5;11;6;140;87;1.767;51;536;3.813;7;12;12;11
36;48;O Rosal;;5.260;0;5.260;3.182;37;15;2.078;3.145;3.130;0;0;1.066;0;1;1;38;30;550;17;98;1.317;0;5;5;2
36;36;Oia;;2.543;0;2.543;1.616;18;15;927;1.598;1.583;0;2;315;0;0;1;30;18;342;12;58;799;1;4;1;0
36;37;Pazos de Borbén;;2.517;0;2.517;1.484;18;7;1.033;1.466;1.459;1;1;377;7;0;2;23;15;248;6;57;715;0;0;7;0
36;41;Poio;;13.728;2;13.730;7.804;60;65;5.926;7.744;7.679;4;3;1.680;7;6;3;165;79;1.338;43;268;4.037;8;21;7;10
36;43;Ponte Caldelas;;4.710;0;4.710;2.695;21;15;2.015;2.674;2.659;1;4;664;0;1;0;63;19;534;9;66;1.289;1;4;2;2
36;42;Ponteareas;;18.200;1;18.201;10.482;99;86;7.719;10.383;10.297;1;5;3.003;7;10;10;179;136;2.323;60;489;4.026;12;17;11;8
36;44;Pontecesures;;2.526;0;2.526;1.454;21;7;1.072;1.433;1.426;0;0;373;1;1;1;31;11;216;3;47;736;1;5;0;0
36;38;Pontevedra;;66.933;3;66.936;39.304;297;396;27.632;39.007;38.611;22;21;10.717;60;26;33;932;493;7.487;205;1.410;16.941;23;121;50;70
36;40;Portas;;2.493;0;2.493;1.550;14;13;943;1.536;1.523;1;0;346;4;1;0;25;12;247;2;27;854;1;2;1;0
36;45;Redondela;;24.542;5;24.547;14.608;139;94;9.939;14.469;14.375;2;7;4.088;16;13;14;210;104;4.002;97;721;5.040;9;23;13;16
36;46;Ribadumia;;4.071;0;4.071;2.652;41;14;1.419;2.611;2.597;0;0;497;0;3;0;52;34;511;4;67;1.420;0;6;0;3
36;47;Rodeiro;;2.197;0;2.197;1.327;5;8;870;1.322;1.314;0;0;256;2;1;0;22;6;201;3;18;804;0;1;0;0
36;49;Salceda de Caselas;;7.009;7;7.016;4.356;82;38;2.660;4.274;4.236;1;1;1.058;3;4;4;97;53;757;22;181;2.031;4;10;3;7
36;50;Salvaterra de Miño;;7.724;0;7.724;4.550;54;39;3.174;4.496;4.457;0;2;1.142;5;3;1;93;44;1.214;30;140;1.768;2;7;5;1
36;51;Sanxenxo;;14.335;2;14.337;8.046;64;60;6.291;7.982;7.922;2;0;1.771;12;3;4;181;80;1.324;36;245;4.246;3;8;3;4
36;52;Silleda;;7.256;3;7.259;4.444;47;23;2.815;4.397;4.374;1;2;892;5;0;0;76;28;760;15;76;2.506;2;2;6;3
36;53;Soutomaior;;5.819;0;5.819;3.633;41;26;2.186;3.592;3.566;0;1;1.542;4;2;2;62;21;407;24;108;1.382;0;2;5;4
36;54;Tomiño;;11.140;3;11.143;6.410;68;54;4.733;6.342;6.288;4;1;2.239;9;3;3;106;45;956;36;186;2.679;2;13;2;4
36;55;Tui;;13.618;0;13.618;8.118;85;69;5.500;8.033;7.964;1;2;2.055;6;24;8;180;93;1.444;33;241;3.826;5;32;9;5
36;56;Valga;;4.928;0;4.928;3.130;33;14;1.798;3.097;3.083;1;1;642;9;2;3;38;21;384;11;76;1.881;3;6;3;2
36;57;Vigo;;238.730;21;238.751;136.513;884;1.144;102.238;135.629;134.485;89;112;31.645;233;237;127;2.916;1.673;43.361;919;8.252;44.107;162;356;166;130
36;59;Vila de Cruces;;4.578;0;4.578;2.677;19;14;1.901;2.658;2.644;0;1;587;3;2;0;64;21;280;7;25;1.653;0;1;0;0
36;58;Vilaboa;;4.974;2;4.976;2.751;41;23;2.225;2.710;2.687;2;3;760;1;1;0;29;20;577;7;90;1.188;2;6;1;0
36;60;Vilagarcía de Arousa;;30.430;3;30.433;17.331;138;146;13.102;17.193;17.047;13;8;4.047;15;44;14;297;162;3.877;114;872;7.509;9;34;13;19
36;61;Vilanova de Arousa;;8.524;3;8.527;5.275;61;30;3.252;5.214;5.184;2;1;802;10;5;13;99;51;794;18;118;3.257;3;6;2;3
36;990;Residentes Ausentes Pontevedra;;134.072;0;134.072;1.920;2;22;132.152;1.918;1.896;2;7;414;3;1;4;99;45;340;31;168;746;12;9;1;14
Total;;;;907.090;97;907.187;457.613;4.059;3.647;449.574;453.554;449.907;230;273;111.901;559;533;350;8.867;4.748;104.734;2.459;20.772;192.187;368;1.039;460;427
