Cód. Cir.;Cód. Con.;Concello;;Censo;Certif. Alta;Censo Total;Votos Totais;Votos nulos;Votos brancos;Abstención;Votos Válidos;Votos Candidaturas;PUM+J;VOX;PSdeG-PSOE;PCTG;CONTIGO;PODEMOS-ESQUERDA UNIDA-ANOVA;PP;Cs;BNG;PACMA;EB;ESCO-RC-OV-M;EN MAREA-COMPROMISO POR GALICIA-PARTIDO GALEGUISTA
32;3;A Arnoia;;860;0;860;625;11;2;235;614;612;0;3;113;0;0;17;389;4;85;0;0;0;1
32;14;A Bola;;998;0;998;707;11;3;291;696;693;1;17;71;0;0;6;471;0;125;2;0;0;0
32;34;A Gudiña;;1.057;0;1.057;768;6;5;289;762;757;0;7;180;0;0;5;389;1;172;2;0;1;0
32;47;A Merca;;1.718;0;1.718;1.131;8;6;587;1.123;1.117;1;11;134;0;2;12;762;7;184;0;1;1;2
32;48;A Mezquita;;837;0;837;503;3;3;334;500;497;0;11;119;0;0;3;178;1;183;1;0;1;0
32;59;A Peroxa;;1.677;0;1.677;1.109;8;9;568;1.101;1.092;0;11;177;1;0;20;757;3;119;2;0;0;2
32;63;A Pobra de Trives;;1.768;0;1.768;1.087;11;9;681;1.076;1.067;1;13;289;0;0;28;557;7;166;1;0;0;5
32;72;A Rúa;;3.625;0;3.625;2.135;19;17;1.490;2.116;2.099;2;52;457;1;1;60;1.052;14;450;4;1;4;1
32;80;A Teixeira;;287;0;287;214;4;0;73;210;210;0;3;17;0;0;7;148;1;29;2;0;0;3
32;83;A Veiga;;785;0;785;520;4;3;265;516;513;0;10;85;0;0;3;343;0;70;1;0;1;0
32;1;Allariz;;5.090;0;5.090;3.212;37;25;1.878;3.175;3.150;0;56;321;1;1;102;1.073;13;1.560;11;3;7;2
32;2;Amoeiro;;2.008;3;2.011;1.278;9;9;733;1.269;1.260;1;25;334;0;1;29;628;16;206;0;2;7;11
32;4;Avión;;1.555;0;1.555;806;1;3;749;805;802;0;28;44;0;0;8;691;0;29;0;0;1;1
32;5;Baltar;;802;0;802;608;6;6;194;602;596;0;12;86;0;0;2;445;2;46;3;0;0;0
32;6;Bande;;1.384;0;1.384;967;3;8;417;964;956;1;26;156;1;0;14;661;2;94;1;0;0;0
32;7;Baños de Molgas;;1.395;0;1.395;802;8;7;593;794;787;2;11;115;0;1;15;399;2;242;0;0;0;0
32;8;Barbadás;;8.690;0;8.690;4.810;50;40;3.880;4.760;4.720;6;136;960;11;4;128;2.234;53;1.142;20;5;11;10
32;10;Beade;;354;0;354;262;5;2;92;257;255;0;6;48;0;0;9;157;0;35;0;0;0;0
32;11;Beariz;;920;0;920;534;6;2;386;528;526;0;5;26;0;0;8;457;1;29;0;0;0;0
32;13;Boborás;;1.955;0;1.955;1.206;7;4;749;1.199;1.195;0;16;145;0;0;14;907;7;101;3;0;1;1
32;16;Calvos de Randín;;685;0;685;441;1;3;244;440;437;0;7;208;0;0;5;171;3;41;1;1;0;0
32;18;Carballeda de Avia;;1.165;0;1.165;883;15;5;282;868;863;0;15;385;0;0;12;357;0;89;4;0;0;1
32;17;Carballeda de Valdeorras;;1.174;0;1.174;693;3;7;481;690;683;0;33;99;1;0;11;480;3;38;0;0;18;0
32;20;Cartelle;;2.381;0;2.381;1.699;12;2;682;1.687;1.685;0;21;281;0;0;12;1.098;3;266;2;0;1;1
32;22;Castrelo de Miño;;1.216;0;1.216;839;2;6;377;837;831;0;2;176;2;4;15;417;1;211;0;1;2;0
32;21;Castrelo do Val;;856;0;856;529;3;3;327;526;523;0;6;174;0;0;4;186;1;134;5;0;12;1
32;23;Castro Caldelas;;1.098;0;1.098;797;9;7;301;788;781;1;7;247;0;1;11;415;6;89;2;1;0;1
32;24;Celanova;;4.783;0;4.783;2.898;18;27;1.885;2.880;2.853;0;42;510;5;1;31;1.649;10;594;10;0;1;0
32;25;Cenlle;;999;0;999;743;11;3;256;732;729;1;20;95;2;0;17;483;1;105;3;0;0;2
32;29;Chandrexa de Queixa;;458;0;458;324;3;1;134;321;320;0;0;45;0;0;1;236;0;31;0;0;5;2
32;26;Coles;;2.684;1;2.685;1.655;20;13;1.030;1.635;1.622;1;39;443;1;1;42;783;13;280;11;1;4;3
32;27;Cortegada;;982;0;982;693;10;6;289;683;677;2;2;116;0;0;8;477;4;66;1;1;0;0
32;28;Cualedro;;1.513;0;1.513;946;9;4;567;937;933;1;27;117;1;0;10;649;3;122;2;0;0;1
32;30;Entrimo;;923;0;923;648;5;8;275;643;635;0;11;361;0;0;10;190;0;62;1;0;0;0
32;31;Esgos;;996;0;996;685;9;3;311;676;673;0;14;104;0;1;11;467;0;75;1;0;0;0
32;33;Gomesende;;651;0;651;401;0;3;250;401;398;0;11;63;0;0;8;295;2;19;0;0;0;0
32;38;Larouco;;395;0;395;242;6;1;153;236;235;0;5;49;0;0;5;149;0;25;1;0;0;1
32;39;Laza;;1.139;0;1.139;761;7;7;378;754;747;0;21;158;0;0;4;374;4;183;1;0;0;2
32;40;Leiro;;1.374;0;1.374;935;7;11;439;928;917;0;18;130;0;0;10;614;10;133;1;0;1;0
32;41;Lobeira;;726;0;726;451;5;3;275;446;443;1;8;80;0;0;8;295;2;49;0;0;0;0
32;42;Lobios;;1.458;0;1.458;954;3;5;504;951;946;2;18;151;1;1;31;655;2;82;3;0;0;0
32;43;Maceda;;2.486;0;2.486;1.489;15;8;997;1.474;1.466;0;29;263;0;0;26;808;12;288;5;0;32;3
32;44;Manzaneda;;774;0;774;548;8;4;226;540;536;0;9;144;0;0;7;284;5;80;6;1;0;0
32;45;Maside;;2.345;0;2.345;1.660;22;18;685;1.638;1.620;1;33;472;3;3;12;885;9;171;8;0;20;3
32;46;Melón;;1.069;0;1.069;662;9;2;407;653;651;1;10;188;0;0;10;356;2;81;1;0;1;1
32;49;Montederramo;;667;0;667;411;3;5;256;408;403;0;5;67;0;1;8;243;4;75;0;0;0;0
32;50;Monterrei;;2.278;0;2.278;1.631;16;10;647;1.615;1.605;0;19;251;0;0;17;913;3;399;1;1;0;1
32;51;Muíños;;1.350;0;1.350;1.068;9;7;282;1.059;1.052;0;7;160;0;0;8;792;3;78;4;0;0;0
32;52;Nogueira de Ramuín;;1.808;0;1.808;1.226;12;10;582;1.214;1.204;1;15;169;0;1;20;873;4;116;2;0;2;1
32;9;O Barco de Valdeorras;;10.549;0;10.549;5.724;58;50;4.825;5.666;5.616;3;128;1.435;7;1;174;2.999;49;767;20;2;29;2
32;15;O Bolo;;792;0;792;426;5;3;366;421;418;0;13;50;0;0;4;307;1;42;1;0;0;0
32;19;O Carballiño;;11.457;0;11.457;6.745;75;50;4.712;6.670;6.620;5;118;1.091;3;5;157;3.853;46;1.033;27;3;275;4
32;35;O Irixo;;1.317;0;1.317;824;6;7;493;818;811;0;14;87;0;1;11;611;2;80;0;0;4;1
32;58;O Pereiro de Aguiar;;5.270;0;5.270;3.384;37;24;1.886;3.347;3.323;3;76;535;2;0;85;1.982;48;559;20;1;6;6
32;53;Oímbra;;1.337;0;1.337;997;7;10;340;990;980;0;24;119;1;0;14;610;4;203;3;0;1;1
32;12;Os Blancos;;706;0;706;460;3;2;246;457;455;0;11;84;1;1;7;285;0;64;0;0;0;2
32;54;Ourense;;86.047;25;86.072;48.620;446;452;37.452;48.174;47.722;64;1.085;10.184;28;70;1.377;22.044;928;11.442;269;40;120;71
32;55;Paderne de Allariz;;1.201;0;1.201;721;7;6;480;714;708;0;6;93;0;6;15;467;2;118;1;0;0;0
32;56;Padrenda;;1.446;0;1.446;960;3;1;486;957;956;0;9;207;0;0;5;686;12;32;1;0;0;4
32;57;Parada de Sil;;511;0;511;302;5;2;209;297;295;0;2;130;0;0;5;120;1;34;0;2;0;1
32;60;Petín;;745;0;745;476;4;4;269;472;468;0;14;162;1;0;7;197;3;84;0;0;0;0
32;61;Piñor;;1.056;0;1.056;816;1;4;240;815;811;0;13;54;2;0;9;476;0;78;3;3;173;0
32;64;Pontedeva;;450;0;450;304;3;4;146;301;297;0;6;35;0;0;3;220;0;32;1;0;0;0
32;62;Porqueira;;773;0;773;547;0;3;226;547;544;1;8;58;0;0;2;408;0;66;0;1;0;0
32;65;Punxín;;635;0;635;399;2;7;236;397;390;1;5;95;1;0;13;209;3;55;3;0;0;5
32;66;Quintela de Leirado;;556;0;556;412;3;1;144;409;408;0;5;40;0;0;1;347;0;15;0;0;0;0
32;67;Rairiz de Veiga;;1.156;0;1.156;730;2;7;426;728;721;0;17;76;1;0;12;462;0;147;4;1;1;0
32;68;Ramirás;;1.376;0;1.376;857;9;6;519;848;842;0;20;206;1;0;19;444;3;143;6;0;0;0
32;69;Ribadavia;;4.255;0;4.255;2.950;17;28;1.305;2.933;2.905;1;34;661;5;0;134;1.403;14;637;7;6;1;2
32;71;Riós;;1.325;0;1.325;848;8;5;477;840;835;0;7;236;1;0;10;452;0;128;0;0;1;0
32;73;Rubiá;;1.246;0;1.246;788;8;2;458;780;778;0;23;226;0;0;38;424;1;65;0;0;1;0
32;74;San Amaro;;955;0;955;611;2;1;344;609;608;0;11;154;1;0;10;337;6;64;3;0;21;1
32;75;San Cibrao das Viñas;;4.351;0;4.351;2.984;39;19;1.367;2.945;2.926;3;54;427;0;3;64;1.898;22;441;7;3;1;3
32;76;San Cristovo de Cea;;1.921;0;1.921;1.348;15;7;573;1.333;1.326;0;17;150;0;0;9;946;5;169;0;0;30;0
32;70;San Xoán de Río;;487;0;487;246;2;4;241;244;240;0;5;47;0;0;4;144;2;38;0;0;0;0
32;77;Sandiás;;1.088;0;1.088;676;7;9;412;669;660;0;18;148;1;0;6;345;4;131;5;1;1;0
32;78;Sarreaus;;1.084;0;1.084;714;4;8;370;710;702;0;10;96;0;0;6;495;4;87;2;0;2;0
32;79;Taboadela;;1.298;0;1.298;824;7;6;474;817;811;0;11;197;2;1;19;438;19;123;0;0;0;1
32;81;Toén;;2.034;0;2.034;1.366;16;9;668;1.350;1.341;1;24;294;1;0;24;823;7;162;2;0;0;3
32;82;Trasmiras;;1.152;0;1.152;722;4;7;430;718;711;0;15;110;0;0;6;431;1;147;0;0;1;0
32;84;Verea;;859;0;859;636;3;3;223;633;630;0;18;77;0;0;2;245;0;287;1;0;0;0
32;85;Verín;;10.579;0;10.579;6.290;51;66;4.289;6.239;6.173;4;131;1.401;2;2;78;2.563;36;1.927;6;8;12;3
32;86;Viana do Bolo;;2.503;0;2.503;1.326;6;9;1.177;1.320;1.311;0;23;218;0;0;7;682;4;365;3;3;5;1
32;87;Vilamarín;;1.654;0;1.654;1.100;13;10;554;1.087;1.077;1;27;160;0;0;18;712;11;140;5;0;2;1
32;88;Vilamartín de Valdeorras;;1.624;0;1.624;851;7;6;773;844;838;0;16;247;1;0;24;450;1;95;1;0;1;2
32;89;Vilar de Barrio;;1.207;0;1.207;699;6;4;508;693;689;0;14;83;1;0;6;344;7;228;2;1;1;2
32;90;Vilar de Santos;;719;0;719;430;4;3;289;426;423;0;10;53;1;0;4;200;0;155;0;0;0;0
32;91;Vilardevós;;1.663;0;1.663;1.155;3;3;508;1.152;1.149;0;22;361;0;1;15;583;0;164;0;0;3;0
32;92;Vilariño de Conso;;477;0;477;288;5;3;189;283;280;0;3;48;1;0;5;142;0;75;0;1;5;0
32;32;Xinzo de Limia;;7.841;0;7.841;4.715;49;31;3.126;4.666;4.635;4;129;725;1;0;53;2.579;30;1.091;16;2;4;1
32;36;Xunqueira de Ambía;;1.246;0;1.246;850;5;5;396;845;840;2;13;84;0;0;7;563;4;162;1;1;1;2
32;37;Xunqueira de Espadanedo;;678;0;678;430;8;5;248;422;417;0;2;60;0;0;3;296;2;54;0;0;0;0
32;990;Residentes Ausentes Ourense;;101.403;0;101.403;1.033;3;4;100.370;1.030;1.026;3;66;197;2;2;50;502;31;139;17;1;10;6
Total;;;;359.227;29;359.256;157.780;1.437;1.255;201.476;156.343;155.088;123;3.190;30.784;99;117;3.386;83.016;1.557;31.117;566;99;846;188
