"muni_code","year","sec_share"
27001,2001,23.398001175779
27002,2001,13.0489335006274
27003,2001,15.9876543209877
27004,2001,15.8415841584158
27005,2001,26.4547896150403
27006,2001,23.9130434782609
27007,2001,10.7775211701309
27008,2001,16.374269005848
27009,2001,19.2765349833413
27010,2001,23.2055347362352
27011,2001,22.089552238806
27012,2001,20.9534368070953
27013,2001,23.166144200627
27014,2001,27.5510204081633
27015,2001,19.6769456681351
27016,2001,26.6037406047894
27017,2001,8.32443970117396
27018,2001,27.9447322970639
27019,2001,19.3440897930551
27020,2001,17.388706304153
27021,2001,23.3431516936672
27022,2001,25.1833740831296
27023,2001,23.2260907888938
27024,2001,17.6636568848758
27025,2001,18.2985553772071
27026,2001,26.1650758001123
27027,2001,23.3866519580805
27028,2001,20.7245048079998
27029,2001,17.6672384219554
27030,2001,18.957182320442
27031,2001,21.7439806637538
27032,2001,19.4418604651163
27033,2001,13.0039011703511
27034,2001,16.33875106929
27035,2001,15.1515151515152
27037,2001,18.5912240184757
27038,2001,11.6111611161116
27039,2001,17.6915149433184
27040,2001,15.2380952380952
27041,2001,16.3918982571832
27042,2001,16.0501193317422
27043,2001,22.9965156794425
27044,2001,22.8847703464948
27045,2001,13.4538152610442
27046,2001,22.9166666666667
27047,2001,18.8607594936709
27048,2001,16.3755458515284
27049,2001,21.9298245614035
27050,2001,11.2972202423378
27051,2001,23.3528412308854
27052,2001,9.47867298578199
27053,2001,17.6360225140713
27054,2001,30.3405572755418
27055,2001,20
27056,2001,17.4242424242424
27057,2001,25.3558844256519
27058,2001,16.9610231425091
27059,2001,14.2583732057416
27060,2001,15.9203980099502
27061,2001,11.275415896488
27062,2001,19.9604743083004
27063,2001,15.6365883807169
27064,2001,17.1921921921922
27065,2001,15.3264061441157
27066,2001,24.6111619396157
27901,2001,26.8776824034335
27902,2001,21.3169356904945
27990,2001,5.10770597379525
32001,2001,54.4958253050739
32002,2001,23.3512786002692
32003,2001,23.8841978287093
32004,2001,4.85021398002853
32005,2001,23.1300345224396
32006,2001,21.1051930758988
32007,2001,19.8092443140132
32008,2001,26.3052781740371
32009,2001,19.0321415673528
32010,2001,10.4859335038363
32011,2001,3.55871886120996
32012,2001,7.49711649365629
32013,2001,15.5795148247978
32014,2001,19.8807157057654
32015,2001,14.3034825870647
32016,2001,10.4945717732207
32017,2001,15.2688172043011
32018,2001,11.5927419354839
32019,2001,21.2369062993256
32020,2001,25.5851493139629
32021,2001,20.3870967741935
32022,2001,16.4780763790665
32023,2001,11.5965051628276
32024,2001,25.0358063592094
32025,2001,16.5441176470588
32026,2001,22.4449877750611
32027,2001,10.3488372093023
32028,2001,20.0398142003981
32029,2001,12.1575342465753
32030,2001,15.0700934579439
32031,2001,11.6912599318956
32032,2001,17.9759122775481
32033,2001,20.495867768595
32034,2001,21.415270018622
32035,2001,13.6745607333843
32036,2001,12.1621621621622
32037,2001,12.7906976744186
32038,2001,16.5
32039,2001,18.809318377912
32040,2001,20.3137902559868
32041,2001,12.453300124533
32042,2001,12.252712188896
32043,2001,22.7120268327743
32044,2001,13.0012150668287
32045,2001,11.7286858219501
32046,2001,18.5765983112183
32047,2001,19.6428571428571
32048,2001,14.0089418777943
32049,2001,20.5729166666667
32050,2001,12.8558310376492
32051,2001,12.1715076071923
32052,2001,11.3648433351036
32053,2001,17.2496025437202
32054,2001,27.3592219324829
32055,2001,18.5332011892963
32056,2001,14.7440273037543
32057,2001,11.7100371747212
32058,2001,17.4345076784101
32059,2001,12.8103837471783
32060,2001,18.4249628528975
32061,2001,16.9634489222118
32062,2001,31.6596931659693
32063,2001,14.7883124627311
32064,2001,11.9047619047619
32065,2001,15.8284023668639
32066,2001,10.4056437389771
32067,2001,35.0050150451354
32068,2001,22.1279876638396
32069,2001,24.7308699447192
32070,2001,15.6794425087108
32071,2001,18.0114099429503
32072,2001,23.3259749816041
32073,2001,16.4439876670092
32074,2001,14.7089947089947
32075,2001,19.0576356752209
32076,2001,22.7553444180523
32077,2001,16.3793103448276
32078,2001,12.9827444535744
32079,2001,17.6695319961796
32080,2001,6.94789081885856
32081,2001,19.0961171228517
32082,2001,11.5640599001664
32083,2001,13.2689987937274
32084,2001,20.7013574660633
32085,2001,21.4905484970561
32086,2001,14.9365899483326
32087,2001,16.0388821385176
32088,2001,12.2107969151671
32089,2001,11.6654438738078
32090,2001,68.7782805429864
32091,2001,14.6158650843223
32092,2001,18.9189189189189
32990,2001,6.39848197343454
27001,2005,13.2042253521127
27002,2005,11.4890885750963
27003,2005,15.6345800122624
27004,2005,6.8503937007874
27005,2005,28.0652680652681
27006,2005,19.2516001969473
27007,2005,13.5408560311284
27008,2005,13.5553834237026
27009,2005,11.1111111111111
27010,2005,15.0662251655629
27011,2005,14.8285449490269
27012,2005,13.7513751375138
27013,2005,17.4435649369686
27014,2005,17.4236783320923
27015,2005,13.9926945771284
27016,2005,17.6171079429735
27017,2005,8.35791543756146
27018,2005,11.0769230769231
27019,2005,15.0483817150484
27020,2005,6.22866894197952
27021,2005,14.3674052894925
27022,2005,14.9634047167254
27023,2005,9.99174236168456
27024,2005,10.6078665077473
27025,2005,19.7183098591549
27026,2005,13.7145748987854
27027,2005,16.0839160839161
27028,2005,16.1390782552553
27029,2005,16.2291169451074
27030,2005,16.7714191200794
27031,2005,23.5956051745525
27032,2005,10.9751575824991
27033,2005,6.41940085592011
27034,2005,14.6892655367232
27035,2005,18.4931506849315
27037,2005,12.0186697782964
27038,2005,6.92007797270955
27039,2005,17.2854914196568
27040,2005,10.2139406487233
27041,2005,11.5563839701771
27042,2005,9.82142857142857
27043,2005,18.3760683760684
27044,2005,20.3317737133135
27045,2005,8.06794055201699
27046,2005,19.6765498652291
27047,2005,15.7511581733951
27048,2005,11.2662942271881
27049,2005,14.713216957606
27050,2005,7.65008576329331
27051,2005,18.8262742282843
27052,2005,4.11428571428571
27053,2005,8.62385321100918
27054,2005,21.4708368554522
27055,2005,11.0764430577223
27056,2005,13.4673366834171
27057,2005,14.2264672615307
27058,2005,12.1167452830189
27059,2005,10.7728337236534
27060,2005,12.7288207747978
27061,2005,9.50980392156863
27062,2005,8.03418803418803
27063,2005,16.866708780796
27064,2005,11.4874815905744
27065,2005,13.3636560537145
27066,2005,16.9947643979058
27901,2005,15.1128557409225
27902,2005,20.40770609319
27999,2005,3.64451920381273
32001,2005,56.729667812142
32002,2005,15.1631477927063
32003,2005,19.0703218116806
32004,2005,3.54243542435424
32005,2005,11.2373737373737
32006,2005,17.1350239890336
32007,2005,18.936170212766
32008,2005,23.4511243689766
32009,2005,11.7217232455473
32010,2005,11.4213197969543
32011,2005,4.55075845974329
32012,2005,11.1111111111111
32013,2005,9.4017094017094
32014,2005,29.4411177644711
32015,2005,10.6078665077473
32016,2005,13.5355892648775
32017,2005,9.69116080937167
32018,2005,9.05829596412556
32019,2005,15.1064633992692
32020,2005,22.2935044105854
32021,2005,13.1455399061033
32022,2005,12.375533428165
32023,2005,7.3482428115016
32024,2005,17.9541260216188
32025,2005,13.588850174216
32026,2005,18.7943262411348
32027,2005,7.22477064220183
32028,2005,14.6715328467153
32029,2005,11.1313868613139
32030,2005,6.73181324647123
32031,2005,10.0105374077977
32032,2005,15.9287531806616
32033,2005,12.0743034055728
32034,2005,14.3865842894969
32035,2005,9.55766192733017
32036,2005,13.6599851521901
32037,2005,15.1785714285714
32038,2005,8.33333333333333
32039,2005,17.7013422818792
32040,2005,12.8024980483997
32041,2005,14.140127388535
32042,2005,11.3207547169811
32043,2005,22.2429906542056
32044,2005,24.4823386114495
32045,2005,8.14437760296159
32046,2005,13.6690647482014
32047,2005,15.9420289855072
32048,2005,16.3013698630137
32049,2005,13.3676092544987
32050,2005,14.4583914458391
32051,2005,9.30693069306931
32052,2005,6.988964792433
32053,2005,14.6263910969793
32054,2005,21.8588611876516
32055,2005,12.8693994280267
32056,2005,7.7896138482024
32057,2005,7.69230769230769
32058,2005,16.9779286926995
32059,2005,9.61761297798378
32060,2005,8.50767085076708
32061,2005,8.59301227573182
32062,2005,28.9800995024876
32063,2005,13.745704467354
32064,2005,8.31234256926952
32065,2005,12.2781065088757
32066,2005,6.11510791366906
32067,2005,46.3604852686308
32068,2005,17.6018447348194
32069,2005,16.9209809264305
32070,2005,24.8598130841122
32071,2005,10.9117013639627
32072,2005,14.7294589178357
32073,2005,7.59493670886076
32074,2005,8.91783567134269
32075,2005,15.3582317073171
32076,2005,18.716049382716
32077,2005,13.6869118905047
32078,2005,12.0164609053498
32079,2005,16.7412712623098
32080,2005,11.3350125944584
32081,2005,15.0857142857143
32082,2005,11.1016225448335
32083,2005,10.4725415070243
32084,2005,9.59051724137931
32085,2005,17.3479561316052
32086,2005,13.4249003101462
32087,2005,13.7064534551685
32088,2005,7.04761904761905
32089,2005,12.3376623376623
32090,2005,66.1951909476662
32091,2005,10.4389086595492
32092,2005,21.0526315789474
32999,2005,4.89790089961445
27001,2009,11.0619469026549
27002,2009,13.7052341597796
27003,2009,18.730358265242
27004,2009,8.19112627986348
27005,2009,19.1616766467066
27006,2009,11.11645813282
27007,2009,12.3946037099494
27008,2009,12.2349102773246
27009,2009,16.2363455809335
27010,2009,13.9508290451687
27011,2009,14.7373788883223
27012,2009,11.4583333333333
27013,2009,15.2229299363057
27014,2009,20.8996815286624
27015,2009,11.4293898596391
27016,2009,21.0637177461822
27017,2009,10
27018,2009,13.6201991465149
27019,2009,18.1224899598394
27020,2009,9.33886747702342
27021,2009,12.639405204461
27022,2009,13.6375984786743
27023,2009,7.3697585768742
27024,2009,20.7397622192867
27025,2009,16.2536749265015
27026,2009,13.3232780291604
27027,2009,15.6213704994193
27028,2009,14.7946261424953
27029,2009,16.131830008673
27030,2009,24.5261561789234
27031,2009,19.5432586736935
27032,2009,10.6768005790807
27033,2009,6.88468158347676
27034,2009,8.97043832823649
27035,2009,9.32203389830508
27037,2009,12.7232142857143
27038,2009,9.47603121516165
27039,2009,16.0508782556027
27040,2009,8.50244926522043
27041,2009,13.926499032882
27042,2009,9.30383864671438
27043,2009,13.2284921369103
27044,2009,24.0700218818381
27045,2009,8.1587651598677
27046,2009,15.2851711026616
27047,2009,32.2881921280854
27048,2009,10.9405940594059
27049,2009,22.0588235294118
27050,2009,9.78219335116546
27051,2009,21.4496271891798
27052,2009,5.16605166051661
27053,2009,7.48031496062992
27054,2009,30.5293005671077
27055,2009,8.43776106934002
27056,2009,15.2238805970149
27057,2009,13.2015227803021
27058,2009,12.5516364791865
27059,2009,12.5948406676783
27060,2009,18.8041989958923
27061,2009,15.7232704402516
27062,2009,5.62390158172232
27063,2009,20.655737704918
27064,2009,13.0094043887147
27065,2009,13.0042918454936
27066,2009,16.172947070355
27901,2009,15.969387755102
27902,2009,15.8988993069711
27990,2009,3.2793323514973
32001,2009,52.7369826435247
32002,2009,11.3761467889908
32003,2009,12.1323529411765
32004,2009,5.70469798657718
32005,2009,11.1922141119221
32006,2009,18.1446111869031
32007,2009,27.5341480948958
32008,2009,20.7347566839777
32009,2009,9.81496379726468
32010,2009,5.8659217877095
32011,2009,6.3273727647868
32012,2009,30.4913294797688
32013,2009,12.6055149127743
32014,2009,62.0126926563917
32015,2009,6.97084917617237
32016,2009,9.63704630788486
32017,2009,9.04139433551198
32018,2009,7.29800173761946
32019,2009,14.289156626506
32020,2009,32.289156626506
32021,2009,12.313003452244
32022,2009,27.464258841234
32023,2009,7.13632204940531
32024,2009,23.7859007832898
32025,2009,14.952380952381
32026,2009,16.4620281946339
32027,2009,14.0147523709168
32028,2009,12.8987517337032
32029,2009,17.9959100204499
32030,2009,6.82556879739978
32031,2009,14.6128680479826
32032,2009,22.7198697068404
32033,2009,19.9346405228758
32034,2009,15.6190476190476
32035,2009,11.1842105263158
32036,2009,13.8674884437596
32037,2009,26.080476900149
32038,2009,9.04255319148936
32039,2009,32.497678737233
32040,2009,14.3659711075441
32041,2009,26.8148148148148
32042,2009,23.1966053748232
32043,2009,36.7880485527544
32044,2009,28.7741935483871
32045,2009,6.18510158013544
32046,2009,12.5248508946322
32047,2009,22.9082515868436
32048,2009,19.1432396251673
32049,2009,17.6923076923077
32050,2009,22.0432581684307
32051,2009,9.46915351506456
32052,2009,7.89189189189189
32053,2009,13.4677419354839
32054,2009,14.9179011665433
32055,2009,11.0065851364064
32056,2009,10.4885993485342
32057,2009,5.03875968992248
32058,2009,14.1411586137111
32059,2009,9.43513345747983
32060,2009,7.65832106038292
32061,2009,10.2983638113571
32062,2009,32.3891625615764
32063,2009,20.7253886010363
32064,2009,7.30088495575221
32065,2009,8.55784469096672
32066,2009,7.78210116731517
32067,2009,51.5
32068,2009,33.3601933924255
32069,2009,13.7912673056443
32070,2009,21.1538461538462
32071,2009,11.8146718146718
32072,2009,14.4096064042695
32073,2009,7.67263427109974
32074,2009,10.4210526315789
32075,2009,12.2355430183357
32076,2009,12.3695976154993
32077,2009,13.6888888888889
32078,2009,10.2321582115219
32079,2009,18.0650684931507
32080,2009,7.01754385964912
32081,2009,13.5754189944134
32082,2009,13.077593722755
32083,2009,6.98324022346369
32084,2009,25.6627783669141
32085,2009,17.6324719394414
32086,2009,15.881809787627
32087,2009,12.2150789012274
32088,2009,8.07692307692308
32089,2009,15.4109589041096
32090,2009,66.7146974063401
32091,2009,10.1273499090358
32092,2009,32.244008714597
32990,2009,4.22115018408023
27001,2012,13.487071977638
27002,2012,11.7274167987322
27003,2012,12.5273124544792
27004,2012,8.14639905548996
27005,2012,23.1409544950056
27006,2012,14.6202170188464
27007,2012,10.5020727775219
27008,2012,14.8698884758364
27009,2012,12.958435207824
27010,2012,17.6450511945392
27011,2012,15.3937240970989
27012,2012,14.8831488314883
27013,2012,21.6845878136201
27014,2012,26.1412782316194
27015,2012,14.0630074699578
27016,2012,24.5499181669394
27017,2012,12.0481927710843
27018,2012,15.6290253327608
27019,2012,21.2323540633346
27020,2012,10.8117326057299
27021,2012,16.1698283649503
27022,2012,19.7689768976898
27023,2012,9.0863704443335
27024,2012,17.2169811320755
27025,2012,22.4857685009488
27026,2012,16.624843161857
27027,2012,19.9048913043478
27028,2012,22.9872419873457
27029,2012,15.2329749103943
27030,2012,23.0697239120262
27031,2012,23.4964322120285
27032,2012,15.1398264223722
27033,2012,11.8161925601751
27034,2012,12.0466321243523
27035,2012,12.1951219512195
27037,2012,8.06642941874259
27038,2012,9.18918918918919
27039,2012,19.038208168643
27040,2012,10.7925129430506
27041,2012,14.2938173567782
27042,2012,10.4790419161677
27043,2012,15.6698564593301
27044,2012,21.39486103828
27045,2012,7.83289817232376
27046,2012,16.6231505657093
27047,2012,26.7996530789245
27048,2012,10.9644087256028
27049,2012,13.8686131386861
27050,2012,11.4545454545455
27051,2012,27.1210293526337
27052,2012,6.60522273425499
27053,2012,8.10810810810811
27054,2012,23.9406779661017
27055,2012,8.8145896656535
27056,2012,18.6101295641932
27057,2012,18.2196917094848
27058,2012,13.6434108527132
27059,2012,15.2827918170878
27060,2012,18.4920198128784
27061,2012,13.5204081632653
27062,2012,10.5882352941176
27063,2012,15.7164869029276
27064,2012,14.5322434150772
27065,2012,15.9248269040554
27066,2012,22.305643012836
27901,2012,13.953488372093
27902,2012,20.1177856301531
27990,2012,8.99500277623543
32001,2012,51.6740740740741
32002,2012,11.5147361206306
32003,2012,14.2642642642643
32004,2012,3.47490347490348
32005,2012,9.77337110481587
32006,2012,12.6748971193416
32007,2012,27.3567467652495
32008,2012,21.469164386445
32009,2012,12.883631713555
32010,2012,9.70873786407767
32011,2012,5.67260940032415
32012,2012,15.8928571428571
32013,2012,10.6100795755968
32014,2012,43.8752783964365
32015,2012,8.66141732283465
32016,2012,2.80649926144756
32017,2012,8.96358543417367
32018,2012,7.58341759352882
32019,2012,10.7797295589536
32020,2012,23.4012316437707
32021,2012,11.5862068965517
32022,2012,30.0373134328358
32023,2012,9.86639260020555
32024,2012,19.915509957755
32025,2012,12.8175519630485
32026,2012,13.7673425827108
32027,2012,8.3676268861454
32028,2012,7.88590604026846
32029,2012,9.77443609022556
32030,2012,9.25449871465296
32031,2012,8.43672456575682
32032,2012,18.2330485366297
32033,2012,13.9405204460967
32034,2012,16.4161849710983
32035,2012,8.90151515151515
32036,2012,13.4355275022543
32037,2012,12.0300751879699
32038,2012,12.4567474048443
32039,2012,13.3060388945752
32040,2012,13.3632286995516
32041,2012,13.3064516129032
32042,2012,11.8173679498657
32043,2012,13.6596471257826
32044,2012,29.6943231441048
32045,2012,7.05821741370428
32046,2012,15.48463356974
32047,2012,18.5933147632312
32048,2012,16.3851351351351
32049,2012,15.6133828996283
32050,2012,13.9297848244621
32051,2012,7.81122864117168
32052,2012,10.4575163398693
32053,2012,10.9227871939736
32054,2012,19.4728319539403
32055,2012,12.1412803532009
32056,2012,5.86236193712829
32057,2012,7.34597156398104
32058,2012,14.8202280035077
32059,2012,8.70195794053662
32060,2012,16.0899653979239
32061,2012,6.75105485232067
32062,2012,9.79020979020979
32063,2012,17.6706827309237
32064,2012,7.74647887323944
32065,2012,10.5367793240557
32066,2012,4.69798657718121
32067,2012,13.9101861993428
32068,2012,14.4712430426716
32069,2012,17.841814837523
32070,2012,12.4324324324324
32071,2012,11.8446601941748
32072,2012,16.971916971917
32073,2012,8.47457627118644
32074,2012,7.125
32075,2012,12.5421190565331
32076,2012,9.98796630565584
32077,2012,9.70982142857143
32078,2012,8.86214442013129
32079,2012,11.4285714285714
32080,2012,7.66423357664234
32081,2012,15.9027777777778
32082,2012,9.21908893709328
32083,2012,8.76897133220911
32084,2012,14.468085106383
32085,2012,18.1324647122693
32086,2012,21.6153399186519
32087,2012,12.8061581525542
32088,2012,9.98990918264379
32089,2012,11.2078346028292
32090,2012,11.0183639398998
32091,2012,7.24014336917563
32092,2012,16.4705882352941
32990,2012,7.37365368682684
27018,2016,22.6666666666667
27044,2016,24.6835443037975
27047,2016,33.953488372093
27048,2016,12.4657534246575
27001,2016,14.3207855973813
27002,2016,15.0892857142857
27003,2016,15.0695517774343
27037,2016,10.5680317040951
27004,2016,12.7463863337714
27901,2016,20.1034259857789
27005,2016,29.9708454810496
27006,2016,19.1025641025641
27007,2016,13.4379597842079
27008,2016,18.0808080808081
27902,2016,26.3705103969754
27009,2016,12.2576610381488
27010,2016,21.8261185885777
27011,2016,19.0355329949239
27012,2016,14.3631436314363
27013,2016,29.7718218036943
27016,2016,23.5947712418301
27015,2016,18.5119887165021
27017,2016,14.3065693430657
27019,2016,26.3278563240352
27020,2016,10.7794943820225
27022,2016,23.4830305107988
27023,2016,12.3429819770617
27026,2016,18.8881446751507
27027,2016,23.7984496124031
27028,2016,27.1242362525458
27029,2016,17.2310756972112
27030,2016,21.2418300653595
27031,2016,24.5807181808828
27032,2016,19.3727870510875
27033,2016,22.7064220183486
27034,2016,17.2767203513909
27035,2016,24.3243243243243
27014,2016,25.3929273084479
27024,2016,19.7457627118644
27043,2016,20.2166064981949
27058,2016,13.9544344995932
27063,2016,18.9841798501249
27064,2016,15.4214559386973
27038,2016,12.8930817610063
27039,2016,24.3733509234828
27040,2016,13.4518923848609
27041,2016,16.420555227407
27042,2016,10.381679389313
27045,2016,9.4488188976378
27046,2016,20.2495201535509
27049,2016,11.0993657505285
27050,2016,17.3614516920059
27056,2016,24.238578680203
27051,2016,28.8252714708786
27052,2016,12.0385232744783
27053,2016,7.16253443526171
27054,2016,20.6150341685649
27055,2016,16.3771712158809
27057,2016,25.918283120099
27059,2016,18.6833855799373
27060,2016,22.766217870257
27061,2016,13.0374479889043
27062,2016,9.11161731207289
27065,2016,18.885887044899
27066,2016,26.4088538353899
27021,2016,17.799043062201
27025,2016,27.3096446700508
27990,2016,15.6175298804781
32003,2016,15.5688622754491
32014,2016,18.4873949579832
32034,2016,18.0522565320665
32047,2016,14.5498392282958
32048,2016,19.7292069632495
32059,2016,10.9177215189873
32063,2016,29.5436349079263
32072,2016,25.2355591970504
32080,2016,8.75
32083,2016,10.3942652329749
32001,2016,50.779376498801
32002,2016,13.5605511240029
32004,2016,3.78548895899054
32005,2016,8.6890243902439
32006,2016,11.5900383141762
32007,2016,32.1393034825871
32008,2016,24.5458059528411
32010,2016,16.2544169611307
32011,2016,6.32688927943761
32013,2016,11.0692771084337
32016,2016,4.68468468468468
32018,2016,12.8421052631579
32017,2016,7.6
32020,2016,18.0805938494168
32022,2016,23.2121922626026
32021,2016,19.8127925117005
32023,2016,16.5083135391924
32024,2016,18.6837881219904
32025,2016,15.6330749354005
32029,2016,13.2564841498559
32026,2016,18.5456595264938
32027,2016,10.3591160220994
32028,2016,9.48651000870322
32030,2016,11.3604488078541
32031,2016,11.9266055045872
32033,2016,12.0689655172414
32038,2016,16.3424124513619
32039,2016,21.9037871033777
32040,2016,15.7292659675882
32041,2016,12.6506024096386
32042,2016,12.9468599033816
32043,2016,19.5321637426901
32044,2016,40.0611620795107
32045,2016,12.6838235294118
32046,2016,15.0197628458498
32049,2016,18.989898989899
32050,2016,16.7879127028539
32051,2016,7.21112076455256
32052,2016,11.4692653673163
32009,2016,16.9129204652625
32015,2016,9.52380952380952
32019,2016,17.5131834582293
32035,2016,12.0976692563818
32058,2016,17.6402877697842
32053,2016,17.6100628930818
32012,2016,15.9663865546218
32054,2016,23.0845699206536
32055,2016,13.5514018691589
32056,2016,5.27831094049904
32057,2016,13.8271604938272
32060,2016,23.6893203883495
32061,2016,11.9366626065773
32064,2016,7.27762803234501
32062,2016,11.8971061093248
32065,2016,11.7777777777778
32066,2016,5.32407407407407
32067,2016,21.7273954116059
32068,2016,15.9162303664921
32069,2016,23.8522954091816
32071,2016,15.7
32073,2016,15.7175398633257
32074,2016,12.1481481481481
32075,2016,13.5919165580183
32076,2016,15.4639175257732
32070,2016,20.9580838323353
32077,2016,15.5826558265583
32078,2016,11.231884057971
32079,2016,14.773980154355
32081,2016,14.9539333805811
32082,2016,12.2572815533981
32084,2016,17.7814029363785
32085,2016,23.6446670595168
32086,2016,27.2332506203474
32087,2016,13.7931034482759
32088,2016,15.3276955602537
32089,2016,13.78896882494
32090,2016,55.6190476190476
32091,2016,9.43820224719101
32092,2016,25.2279635258359
32032,2016,21.9457013574661
32036,2016,16.8574401664932
32037,2016,11.4989733059548
32990,2016,14.1298701298701
27018,2020,17.4611398963731
27044,2020,24.8447204968944
27047,2020,31.8493150684932
27048,2020,14.3322475570033
27001,2020,14.1304347826087
27002,2020,21.2471131639723
27003,2020,16.9741697416974
27037,2020,9.06389301634472
27004,2020,12.6623376623377
27901,2020,11.2970711297071
27005,2020,35.0675675675676
27006,2020,17.5624526873581
27007,2020,14.1630901287554
27008,2020,16.7452830188679
27902,2020,37.4654122855562
27009,2020,13.5097493036212
27010,2020,21.29519268971
27011,2020,19.3083573487032
27012,2020,14.6218487394958
27013,2020,39.4115369725126
27016,2020,24.3850011941724
27015,2020,17.0407315045719
27017,2020,16.1392405063291
27019,2020,33.0164217804667
27020,2020,10.0994644223412
27022,2020,27.2727272727273
27023,2020,10.634328358209
27026,2020,20.8333333333333
27027,2020,25.6166982922201
27028,2020,26.4091082960196
27029,2020,17.9978700745474
27030,2020,23.5701906412478
27031,2020,22.0530565167243
27032,2020,24.4945118428654
27033,2020,29.2753623188406
27034,2020,15.2573529411765
27035,2020,24.7524752475248
27014,2020,18.4716877405168
27024,2020,17.3664122137405
27043,2020,18.5074626865672
27058,2020,12.8048780487805
27063,2020,30.2645502645503
27064,2020,19.5676905574517
27038,2020,17.5
27039,2020,21.7918491074436
27040,2020,15.173116089613
27041,2020,20.0956937799043
27042,2020,13.0782918149466
27045,2020,8.14558058925477
27046,2020,22.2598870056497
27049,2020,11.4982578397213
27050,2020,15.1826484018265
27056,2020,24.320652173913
27051,2020,31.4153439153439
27052,2020,14.0952380952381
27053,2020,9.84615384615385
27054,2020,19.325551232166
27055,2020,15.0666666666667
27057,2020,26.862507571169
27059,2020,14.5336225596529
27060,2020,19.7312588401697
27061,2020,17.7033492822967
27062,2020,13.768115942029
27065,2020,20.6175007316359
27066,2020,35.1958444475642
27021,2020,17.558886509636
27025,2020,35.4494382022472
27990,2020,28.5714285714286
32003,2020,16.7752442996743
32014,2020,18.8218390804598
32034,2020,23.2283464566929
32047,2020,17.6313446126447
32048,2020,37.2
32059,2020,12.8065395095368
32063,2020,18.4944237918216
32072,2020,24.1493383742911
32080,2020,18.5714285714286
32083,2020,14.1472868217054
32001,2020,52.4094488188976
32002,2020,19.3853427895981
32004,2020,4.72049689440994
32005,2020,7.9734219269103
32006,2020,11.2033195020747
32007,2020,32.367758186398
32008,2020,26.890756302521
32010,2020,17.1206225680934
32011,2020,7.00757575757576
32013,2020,9.67472894078399
32016,2020,10.4545454545455
32018,2020,11.7511520737327
32017,2020,7.10144927536232
32020,2020,16.5382335506817
32022,2020,27.0011947431302
32021,2020,26.425855513308
32023,2020,12.8172588832487
32024,2020,21.7013888888889
32025,2020,16.9398907103825
32029,2020,10.5919003115265
32026,2020,19.8776758409786
32027,2020,10.8345534407028
32028,2020,14.1942369263607
32030,2020,11.1975116640746
32031,2020,12.7218934911243
32033,2020,6.73316708229426
32038,2020,13.135593220339
32039,2020,25.0663129973475
32040,2020,15.4094827586207
32041,2020,12.780269058296
32042,2020,11.882229232387
32043,2020,21.506105834464
32044,2020,16.1111111111111
32045,2020,11.3553113553114
32046,2020,14.0888208269525
32049,2020,20.343137254902
32050,2020,25.8204334365325
32051,2020,8.1208687440982
32052,2020,11.2850082372323
32009,2020,16.6431344864102
32015,2020,10.9263657957245
32019,2020,17.9010494752624
32035,2020,11.2469437652812
32058,2020,19.4203764565282
32053,2020,22.020202020202
32012,2020,15.9737417943107
32054,2020,26.7571719184622
32055,2020,18.6274509803922
32056,2020,4.28422152560084
32057,2020,13.4680134680135
32060,2020,19.2796610169492
32061,2020,10.6748466257669
32064,2020,11.6279069767442
32062,2020,12.4314442413163
32065,2020,18.3879093198992
32066,2020,3.9119804400978
32067,2020,21.8406593406593
32068,2020,19.1037735849057
32069,2020,26.3552676440505
32071,2020,16.4285714285714
32073,2020,13.2051282051282
32074,2020,12.3152709359606
32075,2020,17.2495755517827
32076,2020,13.3533383345836
32070,2020,17.2131147540984
32077,2020,20.4783258594918
32078,2020,13.0985915492958
32079,2020,17.5030599755202
32081,2020,14
32082,2020,21.3091922005571
32084,2020,45.6556082148499
32085,2020,32.1846449751563
32086,2020,28.2575757575758
32087,2020,14.6274149034039
32088,2020,14.3364928909953
32089,2020,34.0548340548341
32090,2020,37.3239436619718
32091,2020,15.5381944444444
32092,2020,28.2685512367491
32032,2020,24.5392198885555
32036,2020,20.2366863905325
32037,2020,13.5071090047393
32990,2020,18.9320388349515
27018,2024,19.0594059405941
27044,2024,19.0951821386604
27047,2024,35.4554358472086
27048,2024,16.9910179640719
27001,2024,18.5689948892675
27002,2024,21.9607843137255
27003,2024,10.5882352941176
27037,2024,15.4065620542083
27004,2024,16.9075144508671
27901,2024,17.2260924635845
27005,2024,32.9664281783159
27006,2024,22.2704714640198
27007,2024,18.4592296148074
27902,2024,32.5454545454545
27008,2024,23.5294117647059
27009,2024,18.4479237576583
27010,2024,23.9201451905626
27011,2024,18.7239117471676
27012,2024,17.2808132147395
27013,2024,33.8043094312964
27016,2024,29.9870745368376
27015,2024,19.6366447622729
27017,2024,20.2877697841727
27019,2024,30.5617147080562
27020,2024,12.7779871843196
27022,2024,26.1649982740766
27023,2024,15.0027886224205
27027,2024,24.3012422360248
27028,2024,26.5525598303544
27026,2024,21.3506139154161
27029,2024,16.1041465766635
27030,2024,28.110599078341
27031,2024,27.985550361241
27032,2024,24.0184757505774
27033,2024,26.2162162162162
27034,2024,18.5483870967742
27035,2024,24.7524752475248
27014,2024,20.1216658867571
27024,2024,24.1045498547919
27043,2024,24.492385786802
27058,2024,18.733153638814
27063,2024,28.7511230907457
27064,2024,21.5562565720294
27038,2024,20.0652528548124
27039,2024,23.8940628637951
27040,2024,18.8412623645784
27041,2024,25.9934853420195
27042,2024,14.978354978355
27045,2024,11.9205298013245
27046,2024,21.5930902111324
27049,2024,15.0392817059484
27050,2024,19.7353914002205
27051,2024,29.4439208294062
27052,2024,16.8989547038328
27053,2024,7.75401069518717
27054,2024,23.1971153846154
27056,2024,23.1334149326805
27055,2024,29.3911007025761
27057,2024,28.874848769996
27059,2024,21.4232209737828
27060,2024,26.0519801980198
27061,2024,9.74683544303798
27062,2024,14.6453089244851
27065,2024,23.5385011588978
27066,2024,32.6743893225888
27021,2024,21.285140562249
27025,2024,32.0626631853786
27990,2024,13.5687732342007
32003,2024,21.283255086072
32014,2024,23.8557558945908
32034,2024,25.2454417952314
32047,2024,22.9653505237712
32048,2024,35.1190476190476
32059,2024,16.622691292876
32063,2024,20.8477508650519
32072,2024,27.4832962138085
32080,2024,34.6491228070175
32083,2024,20.2312138728324
32001,2024,52.5950596724951
32002,2024,21.5807560137457
32004,2024,6.38569604086845
32005,2024,15.4954954954955
32006,2024,15.3846153846154
32008,2024,28.346864743479
32007,2024,25.6437768240343
32010,2024,22.8571428571429
32011,2024,10.1910828025478
32013,2024,13.2385938668661
32016,2024,12.4121779859485
32018,2024,18.6633039092055
32017,2024,12.568306010929
32020,2024,22.3453908984831
32022,2024,25
32021,2024,24.0527182866557
32023,2024,18.2864450127877
32024,2024,26.1370716510903
32025,2024,25.8692628650904
32029,2024,15.6146179401993
32026,2024,24.1452991452991
32027,2024,16.6419019316493
32028,2024,14.8003894839338
32030,2024,14.56
32031,2024,20.9497206703911
32033,2024,20.2631578947368
32038,2024,20.3187250996016
32039,2024,27.4711168164313
32040,2024,17.9916317991632
32041,2024,16.8224299065421
32042,2024,14.4602851323829
32043,2024,30.6725329981144
32044,2024,24.9063670411985
32045,2024,17.9518815545959
32046,2024,25.1453488372093
32049,2024,39.9092970521542
32050,2024,27.0631067961165
32051,2024,11.8433619866285
32052,2024,16.8582375478927
32009,2024,22.7572878080206
32015,2024,16.4835164835165
32019,2024,22.1211298207496
32035,2024,17.5891758917589
32058,2024,22.6264639920259
32012,2024,21.8468468468468
32054,2024,27.4436286905115
32053,2024,23.8195173137461
32055,2024,22.0987654320988
32056,2024,10.2040816326531
32057,2024,21.6216216216216
32060,2024,27.2177419354839
32061,2024,16.0051216389245
32064,2024,13.961038961039
32062,2024,17.0940170940171
32065,2024,25.4901960784314
32066,2024,3.7037037037037
32067,2024,24.7765006385696
32068,2024,27.5058275058275
32069,2024,31.8937939859245
32071,2024,21.6520650813517
32073,2024,17.0212765957447
32074,2024,17.4041297935103
32075,2024,19.8660064083892
32076,2024,19.5494186046512
32070,2024,14.38127090301
32077,2024,23.371104815864
32078,2024,20.4330175913396
32079,2024,22.6495726495727
32081,2024,19.3107932379714
32082,2024,31.7258883248731
32084,2024,53.6231884057971
32085,2024,30.4269662921348
32086,2024,26.8965517241379
32088,2024,18.6199342825849
32087,2024,22.0637583892617
32089,2024,28.1616688396349
32090,2024,59.5864661654135
32091,2024,16.829052258636
32092,2024,26.7267267267267
32032,2024,29.9282806745493
32036,2024,30.8108108108108
32037,2024,18.2669789227166
32990,2024,10.2706299911269
